<ApplicationInfo xmlns:xsd="http://www.w3.org/2001/XMLSchema" xmlns:xsi="http://www.w3.org/2001/XMLSchema-instance" ToolVersion="1.8.3.0">
  <Name>install.ps1</Name>
  <UnencryptedContentSize>701</UnencryptedContentSize>
  <FileName>IntunePackage.intunewin</FileName>
  <SetupFile>install.ps1</SetupFile>
  <EncryptionInfo>
    <EncryptionKey>doCFlu6eR0FygwmKEt64S1Yd8DBfok8/l0ophT7m2R4=</EncryptionKey>
    <MacKey>5ai/8f238719rpGrOigf7mjx5u+gF6cBTOLWMBx5lrY=</MacKey>
    <InitializationVector>klnIk9zH1fNeekrILt3tLw==</InitializationVector>
    <Mac>9vyw/gMTsEsx3o3TVapXLxUQooNlVMRQj5/cXTo77x0=</Mac>
    <ProfileIdentifier>ProfileVersion1</ProfileIdentifier>
    <FileDigest>1eS5ExzbAFPOfI8x9REbwff0RAy5gvjTxYNZdAKUDcc=</FileDigest>
    <FileDigestAlgorithm>SHA256</FileDigestAlgorithm>
  </EncryptionInfo>
</ApplicationInfo>